Student Name,Email,Current Skills,Interested Skills,Preferred Mentors,Progress (%)
Laura Adams,lauraadams0@example.com,"NLP, Cybersecurity, Embedded Systems","Game Development, Cybersecurity",Mr. C. Wong,38
Fiona Taylor,fionataylor1@example.com,"Cybersecurity, Game Development, Web Development","ReactJS, Web Development",Ms. E. Singh,42
Fiona Stone,fionastone2@example.com,"NLP, Full Stack Development, Cloud Computing","Machine Learning, IoT",Dr. D. Kim,43
George Adams,georgeadams3@example.com,"Full Stack Development, Data Science, Blockchain","Software Testing, IoT",Dr. A. Patel,17
Tony Adams,tonyadams4@example.com,"AI, Big Data Analytics, AR/VR","IoT, Machine Learning",Mr. G. Zhao,58
Michael Smith,michaelsmith5@example.com,"Game Development, AI, Software Testing","ReactJS, Data Science",Dr. A. Patel,13
Bob White,bobwhite6@example.com,"DevOps, Web Development, Blockchain","Cybersecurity, AR/VR",Mr. C. Wong,19
Hannah Lee,hannahlee7@example.com,"Game Development, Cybersecurity, Embedded Systems","Game Development, UI/UX Design",Ms. E. Singh,79
Steve Stark,stevestark8@example.com,"Cybersecurity, Big Data Analytics, AI","IoT, Data Science",Ms. L. Fernandez,96
Diana Stark,dianastark9@example.com,"NodeJS, Python, Blockchain","Cybersecurity, NodeJS",Mr. G. Zhao,79
Alice Stark,alicestark10@example.com,"Embedded Systems, UI/UX Design, ReactJS","Blockchain, AI",Ms. L. Fernandez,63
Diana Chen,dianachen11@example.com,"ReactJS, Cybersecurity, Full Stack Development","Web Development, Cybersecurity",Dr. H. Bose,76
Ian Stone,ianstone12@example.com,"DevOps, Software Testing, Machine Learning","UI/UX Design, AR/VR",Dr. H. Bose,91
Jackie Parker,jackieparker13@example.com,"AI, NLP, Data Science","Software Testing, DevOps",Dr. D. Kim,100
Quincy Stark,quincystark14@example.com,"NLP, AI, Machine Learning","Blockchain, AI",Mr. G. Zhao,91
Jackie Rogers,jackierogers15@example.com,"IoT, Blockchain, Full Stack Development","Cybersecurity, ReactJS",Dr. K. Nair,63
Oliver Adams,oliveradams16@example.com,"Blockchain, Machine Learning, Game Development","Cloud Computing, AR/VR",Ms. B. Thomas,50
Hannah Wilson,hannahwilson17@example.com,"Software Testing, AI, ReactJS","NLP, Game Development",Ms. L. Fernandez,89
Edward Chan,edwardchan18@example.com,"Cloud Computing, Web Development, IoT","UI/UX Design, Blockchain",Dr. K. Nair,73
Kevin Lee,kevinlee19@example.com,"Web Development, NodeJS, Machine Learning","AI, Python",Dr. A. Patel,23
Alice Drew,alicedrew20@example.com,"AR/VR, NodeJS, Data Science","UI/UX Design, Data Science",Ms. L. Fernandez,84
George Black,georgeblack21@example.com,"ReactJS, Data Science, IoT","Embedded Systems, Web Development",Mr. G. Zhao,65
Michael Stark,michaelstark22@example.com,"NLP, ReactJS, Game Development","Machine Learning, Web Development",Ms. I. Kumari,10
Quincy Chan,quincychan23@example.com,"Embedded Systems, Software Testing, NLP","UI/UX Design, Cybersecurity",Dr. D. Kim,49
Alice Chan,alicechan24@example.com,"IoT, NodeJS, AI","DevOps, ReactJS",Dr. K. Nair,15
Bob Taylor,bobtaylor25@example.com,"Full Stack Development, NodeJS, Python","DevOps, Full Stack Development",Dr. A. Patel,35
Alice King,aliceking26@example.com,"Cybersecurity, NodeJS, AR/VR","Big Data Analytics, UI/UX Design",Dr. A. Patel,95
George Stark,georgestark27@example.com,"NLP, Embedded Systems, AR/VR","NLP, Game Development",Ms. L. Fernandez,62
Steve Chan,stevechan28@example.com,"ReactJS, NodeJS, Game Development","Cloud Computing, Game Development",Prof. J. Singh,18
Alice King,aliceking29@example.com,"Embedded Systems, Software Testing, AR/VR","Machine Learning, Data Science",Ms. L. Fernandez,89
Alice Wayne,alicewayne30@example.com,"Game Development, IoT, AI","Python, UI/UX Design",Ms. E. Singh,35
Hannah Chen,hannahchen31@example.com,"AI, Full Stack Development, Web Development","UI/UX Design, Blockchain",Mr. G. Zhao,32
Hannah Lee,hannahlee32@example.com,"Blockchain, AI, UI/UX Design","AR/VR, Python",Prof. F. Kapoor,51
Oliver Rogers,oliverrogers33@example.com,"Full Stack Development, Machine Learning, ReactJS","Cloud Computing, UI/UX Design",Dr. D. Kim,49
Jackie Drew,jackiedrew34@example.com,"IoT, NLP, Data Science","Blockchain, Cloud Computing",Dr. K. Nair,10
Bob Smith,bobsmith35@example.com,"Full Stack Development, IoT, Machine Learning","Cybersecurity, AR/VR",Prof. F. Kapoor,25
Quincy Black,quincyblack36@example.com,"UI/UX Design, Big Data Analytics, Full Stack Development","Python, Full Stack Development",Dr. K. Nair,75
Peter Smith,petersmith37@example.com,"Cybersecurity, IoT, Cloud Computing","IoT, Game Development",Dr. A. Patel,47
Alice Chan,alicechan38@example.com,"Software Testing, UI/UX Design, Embedded Systems","AR/VR, Data Science",Ms. L. Fernandez,66
Rachel Wayne,rachelwayne39@example.com,"Game Development, UI/UX Design, Machine Learning","DevOps, ReactJS",Dr. A. Patel,36
Michael Wilson,michaelwilson40@example.com,"UI/UX Design, NodeJS, Full Stack Development","NLP, Full Stack Development",Ms. I. Kumari,64
Hannah King,hannahking41@example.com,"Cloud Computing, Python, ReactJS","Software Testing, Big Data Analytics",Dr. K. Nair,12
Edward Taylor,edwardtaylor42@example.com,"Blockchain, NodeJS, ReactJS","DevOps, Full Stack Development",Ms. E. Singh,24
Oliver Rogers,oliverrogers43@example.com,"Embedded Systems, Big Data Analytics, ReactJS","Full Stack Development, DevOps",Ms. L. Fernandez,12
Diana Stark,dianastark44@example.com,"ReactJS, Python, UI/UX Design","Blockchain, NodeJS",Ms. E. Singh,91
Steve Green,stevegreen45@example.com,"Cybersecurity, Python, Blockchain","Cybersecurity, Data Science",Prof. F. Kapoor,23
Michael Smith,michaelsmith46@example.com,"ReactJS, NodeJS, Game Development","AI, Cybersecurity",Prof. F. Kapoor,14
Nancy Green,nancygreen47@example.com,"IoT, Embedded Systems, UI/UX Design","Machine Learning, NodeJS",Dr. D. Kim,75
Oliver Taylor,olivertaylor48@example.com,"ReactJS, NLP, Software Testing","Big Data Analytics, Embedded Systems",Ms. B. Thomas,57
Hannah Adams,hannahadams49@example.com,"Machine Learning, Cybersecurity, NLP","Cybersecurity, Cloud Computing",Dr. K. Nair,62
Quincy Wayne,quincywayne50@example.com,"Full Stack Development, AR/VR, IoT","NodeJS, AR/VR",Dr. H. Bose,79
George Parker,georgeparker51@example.com,"Machine Learning, AI, Software Testing","Game Development, AI",Ms. E. Singh,65
Bob Parker,bobparker52@example.com,"UI/UX Design, Data Science, NodeJS","Game Development, AR/VR",Dr. H. Bose,47
Rachel Stark,rachelstark53@example.com,"ReactJS, DevOps, Cybersecurity","AR/VR, IoT",Dr. D. Kim,13
George Lee,georgelee54@example.com,"Python, Software Testing, NodeJS","IoT, Web Development",Dr. D. Kim,87
Tony Johnson,tonyjohnson55@example.com,"NodeJS, IoT, Big Data Analytics","Cloud Computing, IoT",Dr. D. Kim,51
Bob Drew,bobdrew56@example.com,"NodeJS, AR/VR, Data Science","NodeJS, ReactJS",Dr. A. Patel,99
Peter Chen,peterchen57@example.com,"IoT, Cloud Computing, Game Development","NLP, Software Testing",Mr. G. Zhao,25
Hannah White,hannahwhite58@example.com,"AI, NLP, Cybersecurity","Software Testing, Game Development",Mr. G. Zhao,46
Ian Parker,ianparker59@example.com,"Web Development, Embedded Systems, Big Data Analytics","Cybersecurity, Big Data Analytics",Dr. K. Nair,24
Rachel Stone,rachelstone60@example.com,"Big Data Analytics, AI, Cybersecurity","Python, Machine Learning",Prof. F. Kapoor,24
Jackie White,jackiewhite61@example.com,"Python, Full Stack Development, AR/VR","Data Science, Machine Learning",Dr. A. Patel,62
Edward Chan,edwardchan62@example.com,"Machine Learning, UI/UX Design, Data Science","IoT, NLP",Dr. D. Kim,80
Nancy Scott,nancyscott63@example.com,"UI/UX Design, AR/VR, Big Data Analytics","Big Data Analytics, Software Testing",Mr. G. Zhao,82
Hannah Green,hannahgreen64@example.com,"Web Development, NodeJS, Full Stack Development","Cybersecurity, Web Development",Ms. B. Thomas,21
Fiona King,fionaking65@example.com,"AR/VR, Machine Learning, ReactJS","UI/UX Design, AR/VR",Dr. A. Patel,58
Bob Taylor,bobtaylor66@example.com,"Embedded Systems, Data Science, UI/UX Design","Cloud Computing, Full Stack Development",Mr. G. Zhao,73
Jackie Rogers,jackierogers67@example.com,"NLP, Embedded Systems, IoT","Full Stack Development, NodeJS",Ms. E. Singh,95
Edward Wayne,edwardwayne68@example.com,"Big Data Analytics, Cloud Computing, DevOps","NLP, UI/UX Design",Ms. E. Singh,49
Laura Johnson,laurajohnson69@example.com,"Blockchain, DevOps, Game Development","IoT, UI/UX Design",Ms. E. Singh,45
Steve Smith,stevesmith70@example.com,"NodeJS, IoT, AR/VR","Web Development, Full Stack Development",Dr. K. Nair,62
Hannah Lee,hannahlee71@example.com,"Full Stack Development, Software Testing, Big Data Analytics","Machine Learning, Cloud Computing",Dr. K. Nair,36
Jackie Brown,jackiebrown72@example.com,"NodeJS, Machine Learning, Game Development","Blockchain, Machine Learning",Mr. G. Zhao,86
Oliver Johnson,oliverjohnson73@example.com,"Big Data Analytics, Python, IoT","NLP, Blockchain",Ms. I. Kumari,93
Bob Chan,bobchan74@example.com,"UI/UX Design, Big Data Analytics, NodeJS","Data Science, Software Testing",Prof. J. Singh,86
Laura Chen,laurachen75@example.com,"NodeJS, AI, Python","Software Testing, IoT",Ms. L. Fernandez,51
Alice Rogers,alicerogers76@example.com,"IoT, Blockchain, Web Development","IoT, Web Development",Prof. F. Kapoor,65
Bob Rogers,bobrogers77@example.com,"Software Testing, AI, DevOps","Blockchain, Web Development",Ms. B. Thomas,13
Rachel Stone,rachelstone78@example.com,"Game Development, Full Stack Development, NodeJS","AR/VR, Blockchain",Ms. B. Thomas,65
Bob Chan,bobchan79@example.com,"DevOps, Full Stack Development, Web Development","Big Data Analytics, Cybersecurity",Prof. F. Kapoor,76
Tony King,tonyking80@example.com,"NodeJS, NLP, Big Data Analytics","Embedded Systems, Blockchain",Dr. A. Patel,25
Ian White,ianwhite81@example.com,"Embedded Systems, Cybersecurity, Machine Learning","UI/UX Design, Python",Ms. L. Fernandez,22
Jackie Taylor,jackietaylor82@example.com,"NLP, Cybersecurity, AI","AR/VR, DevOps",Prof. J. Singh,35
Michael Stark,michaelstark83@example.com,"IoT, Data Science, Cybersecurity","AR/VR, AI",Ms. E. Singh,86
Diana White,dianawhite84@example.com,"Cloud Computing, Machine Learning, NodeJS","Big Data Analytics, NodeJS",Ms. E. Singh,78
Jackie Stone,jackiestone85@example.com,"Big Data Analytics, NodeJS, Embedded Systems","Machine Learning, AR/VR",Prof. F. Kapoor,46
Quincy Taylor,quincytaylor86@example.com,"Data Science, NLP, Big Data Analytics","Data Science, Software Testing",Ms. E. Singh,20
Hannah Stone,hannahstone87@example.com,"ReactJS, Embedded Systems, AR/VR","UI/UX Design, AI",Ms. I. Kumari,36
George Chan,georgechan88@example.com,"Cybersecurity, AR/VR, NodeJS","Machine Learning, Full Stack Development",Mr. G. Zhao,56
Rachel Taylor,racheltaylor89@example.com,"AI, NLP, Python","Embedded Systems, UI/UX Design",Dr. K. Nair,26
Ian Chen,ianchen90@example.com,"Blockchain, Game Development, DevOps","Cloud Computing, Data Science",Prof. J. Singh,14
Steve Green,stevegreen91@example.com,"NodeJS, Web Development, DevOps","Python, AR/VR",Ms. L. Fernandez,56
Jackie Rogers,jackierogers92@example.com,"IoT, Full Stack Development, Game Development","Blockchain, Game Development",Ms. I. Kumari,66
Diana Lee,dianalee93@example.com,"Cybersecurity, Blockchain, Big Data Analytics","Blockchain, Machine Learning",Dr. A. Patel,50
Rachel Parker,rachelparker94@example.com,"Full Stack Development, Python, UI/UX Design","Python, IoT",Ms. L. Fernandez,48
Tony Johnson,tonyjohnson95@example.com,"Python, Software Testing, Big Data Analytics","Machine Learning, Data Science",Ms. L. Fernandez,23
Steve Green,stevegreen96@example.com,"Game Development, Full Stack Development, AR/VR","Data Science, Cybersecurity",Ms. E. Singh,27
Rachel Taylor,racheltaylor97@example.com,"ReactJS, Data Science, IoT","Data Science, Blockchain",Dr. D. Kim,73
Charlie Black,charlieblack98@example.com,"DevOps, NodeJS, Embedded Systems","AI, NodeJS",Dr. D. Kim,47
Rachel King,rachelking99@example.com,"Machine Learning, Cybersecurity, UI/UX Design","Machine Learning, Web Development",Prof. J. Singh,47
Edward Wayne,edwardwayne100@example.com,"NLP, Web Development, UI/UX Design","Software Testing, ReactJS",Mr. C. Wong,23
Alice Brown,alicebrown101@example.com,"Big Data Analytics, DevOps, NLP","AI, Cloud Computing",Prof. J. Singh,18
Nancy Taylor,nancytaylor102@example.com,"NLP, IoT, Full Stack Development","DevOps, Blockchain",Dr. K. Nair,88
George Stone,georgestone103@example.com,"Data Science, DevOps, Game Development","Embedded Systems, Software Testing",Ms. E. Singh,23
Jackie Parker,jackieparker104@example.com,"UI/UX Design, DevOps, Full Stack Development","Cybersecurity, ReactJS",Ms. B. Thomas,90
Alice Lee,alicelee105@example.com,"AI, NLP, AR/VR","ReactJS, NLP",Prof. F. Kapoor,69
Diana Adams,dianaadams106@example.com,"UI/UX Design, Embedded Systems, AI","Python, Cybersecurity",Ms. L. Fernandez,67
Rachel Brown,rachelbrown107@example.com,"Cloud Computing, NLP, IoT","UI/UX Design, Embedded Systems",Ms. E. Singh,53
Alice Chen,alicechen108@example.com,"Big Data Analytics, UI/UX Design, Full Stack Development","DevOps, Blockchain",Ms. L. Fernandez,73
Fiona Green,fionagreen109@example.com,"Cloud Computing, Machine Learning, AI","Game Development, NodeJS",Ms. B. Thomas,43
Rachel King,rachelking110@example.com,"Python, IoT, Cybersecurity","Full Stack Development, Blockchain",Mr. C. Wong,38
Tony Chen,tonychen111@example.com,"Web Development, Big Data Analytics, Embedded Systems","Cloud Computing, AI",Prof. J. Singh,15
Edward King,edwardking112@example.com,"AI, Cybersecurity, ReactJS","Web Development, AI",Dr. A. Patel,61
Nancy White,nancywhite113@example.com,"NodeJS, Big Data Analytics, Web Development","UI/UX Design, Python",Prof. J. Singh,36
Alice Adams,aliceadams114@example.com,"AI, Embedded Systems, ReactJS","Web Development, NodeJS",Ms. E. Singh,12
Ian Brown,ianbrown115@example.com,"Game Development, Software Testing, Cybersecurity","Game Development, Machine Learning",Ms. I. Kumari,83
Kevin Green,kevingreen116@example.com,"ReactJS, IoT, AR/VR","IoT, NodeJS",Mr. C. Wong,30
Alice Drew,alicedrew117@example.com,"Full Stack Development, Web Development, NLP","Embedded Systems, UI/UX Design",Mr. C. Wong,36
Quincy Lee,quincylee118@example.com,"Web Development, ReactJS, IoT","Python, Cybersecurity",Ms. I. Kumari,77
Laura Adams,lauraadams119@example.com,"Big Data Analytics, ReactJS, Full Stack Development","Data Science, Cloud Computing",Mr. C. Wong,96
Edward Black,edwardblack120@example.com,"NodeJS, Machine Learning, Game Development","IoT, DevOps",Ms. L. Fernandez,30
Quincy King,quincyking121@example.com,"Game Development, Machine Learning, Full Stack Development","Embedded Systems, Game Development",Ms. I. Kumari,37
Diana Chan,dianachan122@example.com,"AR/VR, IoT, Cybersecurity","DevOps, NLP",Dr. H. Bose,27
Alice Rogers,alicerogers123@example.com,"Game Development, Web Development, Blockchain","DevOps, UI/UX Design",Dr. K. Nair,18
Diana Taylor,dianataylor124@example.com,"Web Development, AI, Cloud Computing","ReactJS, NodeJS",Prof. F. Kapoor,96
George Wilson,georgewilson125@example.com,"Cloud Computing, UI/UX Design, AI","AI, Game Development",Prof. J. Singh,66
Rachel Stark,rachelstark126@example.com,"Cybersecurity, UI/UX Design, AI","Software Testing, Blockchain",Dr. A. Patel,76
Tony Scott,tonyscott127@example.com,"Web Development, NLP, Blockchain","NLP, NodeJS",Dr. D. Kim,26
Charlie Stark,charliestark128@example.com,"AR/VR, Embedded Systems, AI","Python, AR/VR",Ms. L. Fernandez,91
Quincy Scott,quincyscott129@example.com,"AI, Big Data Analytics, Web Development","Cloud Computing, Game Development",Ms. I. Kumari,57
Hannah Scott,hannahscott130@example.com,"NLP, Blockchain, Cloud Computing","Full Stack Development, NodeJS",Dr. K. Nair,89
Tony Chen,tonychen131@example.com,"NLP, IoT, Embedded Systems","DevOps, AI",Ms. E. Singh,21
Hannah Adams,hannahadams132@example.com,"UI/UX Design, Full Stack Development, ReactJS","Data Science, Cloud Computing",Prof. F. Kapoor,32
Peter Wilson,peterwilson133@example.com,"Data Science, AR/VR, Machine Learning","Web Development, Cloud Computing",Ms. I. Kumari,97
Charlie Wayne,charliewayne134@example.com,"Embedded Systems, AI, Blockchain","Game Development, UI/UX Design",Ms. E. Singh,23
Diana Brown,dianabrown135@example.com,"Blockchain, Data Science, Cybersecurity","Embedded Systems, Data Science",Ms. I. Kumari,82
Peter Wilson,peterwilson136@example.com,"NodeJS, Full Stack Development, DevOps","Embedded Systems, DevOps",Dr. A. Patel,16
Rachel King,rachelking137@example.com,"Machine Learning, NodeJS, Embedded Systems","IoT, UI/UX Design",Mr. G. Zhao,100
George King,georgeking138@example.com,"Cybersecurity, ReactJS, Blockchain","Machine Learning, IoT",Dr. A. Patel,18
Oliver Rogers,oliverrogers139@example.com,"Data Science, Full Stack Development, NodeJS","AI, Cybersecurity",Ms. I. Kumari,91
Laura Stone,laurastone140@example.com,"NodeJS, Blockchain, Machine Learning","Web Development, IoT",Prof. J. Singh,62
Tony King,tonyking141@example.com,"Machine Learning, Web Development, AI","Python, Web Development",Ms. E. Singh,55
Laura Brown,laurabrown142@example.com,"NodeJS, NLP, Cloud Computing","Big Data Analytics, Full Stack Development",Ms. L. Fernandez,11
Michael King,michaelking143@example.com,"NodeJS, Cloud Computing, Data Science","Big Data Analytics, IoT",Dr. H. Bose,13
Rachel Johnson,racheljohnson144@example.com,"Machine Learning, DevOps, Cybersecurity","Cybersecurity, NLP",Dr. K. Nair,17
Bob White,bobwhite145@example.com,"Python, Web Development, ReactJS","Machine Learning, ReactJS",Ms. E. Singh,33
Diana Wayne,dianawayne146@example.com,"DevOps, ReactJS, Full Stack Development","Big Data Analytics, AI",Prof. F. Kapoor,67
Tony Johnson,tonyjohnson147@example.com,"IoT, Big Data Analytics, Full Stack Development","AR/VR, Data Science",Dr. H. Bose,18
Hannah Chen,hannahchen148@example.com,"AR/VR, Cybersecurity, Machine Learning","DevOps, AI",Dr. H. Bose,49
Laura Scott,laurascott149@example.com,"Cloud Computing, AI, Software Testing","Game Development, Machine Learning",Prof. J. Singh,25
Rachel Chen,rachelchen150@example.com,"Embedded Systems, Game Development, Cloud Computing","Cloud Computing, AI",Mr. G. Zhao,59
Diana Smith,dianasmith151@example.com,"NLP, Embedded Systems, DevOps","NodeJS, Data Science",Ms. I. Kumari,41
Fiona Rogers,fionarogers152@example.com,"Data Science, UI/UX Design, NodeJS","ReactJS, UI/UX Design",Ms. B. Thomas,94
Tony Stark,tonystark153@example.com,"UI/UX Design, Web Development, IoT","AI, DevOps",Dr. K. Nair,72
Michael Taylor,michaeltaylor154@example.com,"NodeJS, Game Development, Data Science","Embedded Systems, UI/UX Design",Prof. F. Kapoor,100
Ian Chen,ianchen155@example.com,"Full Stack Development, DevOps, IoT","Blockchain, Full Stack Development",Ms. E. Singh,21
Ian White,ianwhite156@example.com,"Machine Learning, Cybersecurity, Game Development","Python, Game Development",Ms. E. Singh,54
Kevin Johnson,kevinjohnson157@example.com,"ReactJS, Big Data Analytics, Cloud Computing","DevOps, Embedded Systems",Mr. C. Wong,13
Alice Rogers,alicerogers158@example.com,"Big Data Analytics, Web Development, Embedded Systems","Game Development, Big Data Analytics",Ms. L. Fernandez,47
Kevin Lee,kevinlee159@example.com,"IoT, Data Science, Machine Learning","ReactJS, Web Development",Dr. A. Patel,76
Nancy Scott,nancyscott160@example.com,"Blockchain, AI, DevOps","Game Development, Software Testing",Dr. H. Bose,49
Ian Adams,ianadams161@example.com,"Machine Learning, Cloud Computing, AI","DevOps, Full Stack Development",Ms. B. Thomas,18
Jackie Rogers,jackierogers162@example.com,"NLP, Data Science, Game Development","AR/VR, Big Data Analytics",Prof. F. Kapoor,40
Diana Smith,dianasmith163@example.com,"ReactJS, AI, Big Data Analytics","AI, Full Stack Development",Dr. H. Bose,17
Peter Taylor,petertaylor164@example.com,"DevOps, Data Science, IoT","ReactJS, Machine Learning",Ms. I. Kumari,24
Steve Parker,steveparker165@example.com,"Full Stack Development, Big Data Analytics, Web Development","Full Stack Development, Machine Learning",Prof. F. Kapoor,27
Steve Wayne,stevewayne166@example.com,"DevOps, NLP, Cybersecurity","ReactJS, Cloud Computing",Dr. D. Kim,89
Michael Adams,michaeladams167@example.com,"Data Science, UI/UX Design, Python","Data Science, ReactJS",Prof. J. Singh,76
Edward Stone,edwardstone168@example.com,"Data Science, NLP, Web Development","Web Development, IoT",Ms. B. Thomas,51
Kevin Wilson,kevinwilson169@example.com,"Python, Blockchain, Data Science","AR/VR, AI",Ms. E. Singh,93
Peter Green,petergreen170@example.com,"DevOps, Data Science, Embedded Systems","UI/UX Design, AI",Mr. G. Zhao,33
Alice Black,aliceblack171@example.com,"Game Development, AI, UI/UX Design","Embedded Systems, Web Development",Prof. F. Kapoor,12
Bob Taylor,bobtaylor172@example.com,"Software Testing, Python, Blockchain","AI, AR/VR",Dr. A. Patel,66
Alice Adams,aliceadams173@example.com,"Blockchain, NLP, Cybersecurity","DevOps, IoT",Prof. F. Kapoor,77
Charlie Parker,charlieparker174@example.com,"Data Science, Python, Blockchain","Embedded Systems, Software Testing",Mr. C. Wong,22
Nancy Adams,nancyadams175@example.com,"AR/VR, Software Testing, DevOps","IoT, Cybersecurity",Ms. B. Thomas,44
Ian Johnson,ianjohnson176@example.com,"Game Development, NodeJS, IoT","DevOps, ReactJS",Dr. K. Nair,75
Michael Adams,michaeladams177@example.com,"UI/UX Design, Full Stack Development, Cybersecurity","Software Testing, Big Data Analytics",Prof. F. Kapoor,37
Edward Scott,edwardscott178@example.com,"AI, Data Science, Embedded Systems","Full Stack Development, AI",Dr. D. Kim,72
Steve Wayne,stevewayne179@example.com,"NLP, Cloud Computing, AR/VR","Web Development, ReactJS",Dr. A. Patel,76
Alice Drew,alicedrew180@example.com,"Cybersecurity, Software Testing, AI","UI/UX Design, Full Stack Development",Dr. K. Nair,91
Fiona Scott,fionascott181@example.com,"Game Development, Web Development, ReactJS","Game Development, Cloud Computing",Prof. F. Kapoor,22
Peter Drew,peterdrew182@example.com,"Cloud Computing, Web Development, UI/UX Design","Web Development, Full Stack Development",Prof. J. Singh,73
Peter Lee,peterlee183@example.com,"AR/VR, Embedded Systems, AI","Cloud Computing, Big Data Analytics",Prof. F. Kapoor,11
Edward Black,edwardblack184@example.com,"IoT, Cybersecurity, Web Development","NLP, Data Science",Dr. H. Bose,88
Rachel White,rachelwhite185@example.com,"NLP, Software Testing, Cloud Computing","Embedded Systems, Web Development",Mr. C. Wong,57
Tony Scott,tonyscott186@example.com,"AI, IoT, Software Testing","NodeJS, Machine Learning",Mr. G. Zhao,51
Alice Drew,alicedrew187@example.com,"Embedded Systems, Python, IoT","Software Testing, Embedded Systems",Ms. I. Kumari,60
Quincy Stark,quincystark188@example.com,"Data Science, Embedded Systems, DevOps","Embedded Systems, Big Data Analytics",Dr. A. Patel,63
Fiona Taylor,fionataylor189@example.com,"UI/UX Design, IoT, Big Data Analytics","AR/VR, IoT",Ms. L. Fernandez,92
George Stone,georgestone190@example.com,"Python, Full Stack Development, Embedded Systems","Machine Learning, DevOps",Mr. G. Zhao,60
Bob Rogers,bobrogers191@example.com,"Machine Learning, Cloud Computing, Web Development","Full Stack Development, AR/VR",Dr. D. Kim,18
Bob Adams,bobadams192@example.com,"Data Science, Full Stack Development, Game Development","Software Testing, Big Data Analytics",Prof. F. Kapoor,12
George Smith,georgesmith193@example.com,"Game Development, Data Science, DevOps","UI/UX Design, Embedded Systems",Mr. G. Zhao,55
Oliver Smith,oliversmith194@example.com,"Full Stack Development, DevOps, NodeJS","AI, Cloud Computing",Mr. C. Wong,40
Jackie Smith,jackiesmith195@example.com,"AI, Software Testing, DevOps","Embedded Systems, Web Development",Mr. C. Wong,28
Edward Wayne,edwardwayne196@example.com,"Full Stack Development, Web Development, AR/VR","Big Data Analytics, Data Science",Mr. G. Zhao,42
Tony White,tonywhite197@example.com,"Web Development, Embedded Systems, Cloud Computing","Software Testing, Full Stack Development",Mr. G. Zhao,52
Steve Drew,stevedrew198@example.com,"Software Testing, IoT, Cybersecurity","Python, Cybersecurity",Ms. L. Fernandez,100
Nancy Smith,nancysmith199@example.com,"Big Data Analytics, Cybersecurity, DevOps","Software Testing, Cybersecurity",Dr. K. Nair,42
Edward Chen,edwardchen200@example.com,"NLP, AI, Big Data Analytics","DevOps, Python",Dr. H. Bose,26
Edward Parker,edwardparker201@example.com,"NLP, Machine Learning, Full Stack Development","NLP, Game Development",Ms. I. Kumari,55
Ian Smith,iansmith202@example.com,"Game Development, Big Data Analytics, Data Science","Python, AI",Dr. K. Nair,46
Jackie Chan,jackiechan203@example.com,"NodeJS, Python, Cloud Computing","Blockchain, Big Data Analytics",Prof. F. Kapoor,89
Hannah Wilson,hannahwilson204@example.com,"NodeJS, Full Stack Development, Web Development","NLP, Web Development",Ms. I. Kumari,99
Michael Drew,michaeldrew205@example.com,"AI, Cybersecurity, Game Development","NLP, AI",Dr. K. Nair,19
George Lee,georgelee206@example.com,"Game Development, Cybersecurity, Data Science","UI/UX Design, NLP",Dr. D. Kim,47
Steve Stone,stevestone207@example.com,"Cloud Computing, AI, IoT","NLP, ReactJS",Prof. F. Kapoor,92
Peter Johnson,peterjohnson208@example.com,"AI, Blockchain, Embedded Systems","DevOps, Full Stack Development",Dr. D. Kim,45
Kevin Drew,kevindrew209@example.com,"UI/UX Design, AI, Cybersecurity","Data Science, IoT",Dr. D. Kim,45
Fiona Scott,fionascott210@example.com,"Web Development, AR/VR, Full Stack Development","Cloud Computing, NodeJS",Ms. I. Kumari,26
George Lee,georgelee211@example.com,"UI/UX Design, IoT, Python","IoT, UI/UX Design",Ms. L. Fernandez,21
Charlie Lee,charlielee212@example.com,"Cybersecurity, IoT, Blockchain","NLP, NodeJS",Prof. J. Singh,91
Charlie Green,charliegreen213@example.com,"NLP, Embedded Systems, Web Development","Python, Full Stack Development",Ms. E. Singh,39
Hannah Brown,hannahbrown214@example.com,"Data Science, Web Development, UI/UX Design","Full Stack Development, Machine Learning",Dr. D. Kim,83
Steve Stark,stevestark215@example.com,"ReactJS, Software Testing, NodeJS","Big Data Analytics, UI/UX Design",Dr. K. Nair,60
George Lee,georgelee216@example.com,"ReactJS, Cybersecurity, Full Stack Development","NodeJS, Full Stack Development",Ms. I. Kumari,46
Charlie Chen,charliechen217@example.com,"Software Testing, IoT, UI/UX Design","NodeJS, UI/UX Design",Ms. I. Kumari,57
Bob Stone,bobstone218@example.com,"Machine Learning, UI/UX Design, Big Data Analytics","Software Testing, Cybersecurity",Dr. H. Bose,54
George Black,georgeblack219@example.com,"UI/UX Design, Machine Learning, DevOps","Python, DevOps",Ms. I. Kumari,12
Quincy Black,quincyblack220@example.com,"Software Testing, AR/VR, NLP","AI, AR/VR",Ms. E. Singh,77
Kevin Parker,kevinparker221@example.com,"Python, IoT, ReactJS","Blockchain, DevOps",Ms. I. Kumari,25
Edward King,edwardking222@example.com,"Cloud Computing, NodeJS, AR/VR","NLP, Game Development",Dr. K. Nair,43
Laura Black,laurablack223@example.com,"Full Stack Development, Web Development, UI/UX Design","Full Stack Development, Data Science",Dr. A. Patel,66
Kevin Wayne,kevinwayne224@example.com,"NLP, ReactJS, Data Science","UI/UX Design, DevOps",Ms. B. Thomas,38
Alice Wayne,alicewayne225@example.com,"Web Development, Machine Learning, ReactJS","Cybersecurity, DevOps",Ms. L. Fernandez,34
Charlie King,charlieking226@example.com,"Machine Learning, Python, Cloud Computing","Machine Learning, Software Testing",Prof. F. Kapoor,82
Hannah Drew,hannahdrew227@example.com,"Embedded Systems, UI/UX Design, DevOps","Software Testing, Data Science",Prof. F. Kapoor,71
Peter Taylor,petertaylor228@example.com,"AR/VR, Big Data Analytics, Software Testing","Big Data Analytics, Embedded Systems",Ms. L. Fernandez,71
Kevin Wilson,kevinwilson229@example.com,"Cloud Computing, NLP, ReactJS","Big Data Analytics, Cloud Computing",Ms. E. Singh,80
Bob Wilson,bobwilson230@example.com,"Cybersecurity, Web Development, AR/VR","Embedded Systems, Machine Learning",Mr. C. Wong,21
Rachel Rogers,rachelrogers231@example.com,"Machine Learning, Python, Embedded Systems","UI/UX Design, DevOps",Mr. G. Zhao,76
Laura Green,lauragreen232@example.com,"Big Data Analytics, NLP, Embedded Systems","AI, UI/UX Design",Ms. L. Fernandez,11
George Adams,georgeadams233@example.com,"UI/UX Design, ReactJS, DevOps","ReactJS, DevOps",Prof. F. Kapoor,70
Peter Lee,peterlee234@example.com,"Python, Software Testing, AI","Cybersecurity, UI/UX Design",Ms. B. Thomas,34
Steve Wayne,stevewayne235@example.com,"Data Science, NodeJS, Full Stack Development","Web Development, Machine Learning",Dr. K. Nair,71
Diana Green,dianagreen236@example.com,"Software Testing, Embedded Systems, AR/VR","Machine Learning, ReactJS",Mr. C. Wong,34
Tony Wayne,tonywayne237@example.com,"Full Stack Development, Web Development, DevOps","Blockchain, Cloud Computing",Mr. G. Zhao,29
Fiona Smith,fionasmith238@example.com,"Machine Learning, DevOps, Software Testing","Cloud Computing, Game Development",Dr. D. Kim,93
Michael Green,michaelgreen239@example.com,"IoT, Blockchain, AR/VR","AR/VR, NLP",Prof. F. Kapoor,61
Charlie Wayne,charliewayne240@example.com,"Web Development, Big Data Analytics, AR/VR","AI, Web Development",Prof. J. Singh,26
Rachel Wayne,rachelwayne241@example.com,"NodeJS, Blockchain, Big Data Analytics","Embedded Systems, Big Data Analytics",Dr. D. Kim,84
Steve Parker,steveparker242@example.com,"AR/VR, IoT, Game Development","AI, Software Testing",Dr. H. Bose,55
Nancy Scott,nancyscott243@example.com,"Big Data Analytics, IoT, UI/UX Design","DevOps, Cloud Computing",Prof. J. Singh,29
George Lee,georgelee244@example.com,"ReactJS, Python, Data Science","UI/UX Design, Web Development",Ms. I. Kumari,60
Michael White,michaelwhite245@example.com,"Embedded Systems, Cloud Computing, ReactJS","Python, IoT",Dr. A. Patel,31
Diana Smith,dianasmith246@example.com,"Embedded Systems, NodeJS, Web Development","Python, Embedded Systems",Ms. E. Singh,83
Charlie Brown,charliebrown247@example.com,"Cybersecurity, ReactJS, Data Science","Software Testing, Cloud Computing",Dr. H. Bose,75
Diana King,dianaking248@example.com,"ReactJS, Machine Learning, DevOps","IoT, AR/VR",Prof. F. Kapoor,93
Bob Scott,bobscott249@example.com,"Web Development, Cloud Computing, Full Stack Development","Machine Learning, Blockchain",Prof. F. Kapoor,17
Diana Smith,dianasmith250@example.com,"Cloud Computing, Big Data Analytics, Data Science","IoT, NodeJS",Dr. A. Patel,58
Peter Brown,peterbrown251@example.com,"Cybersecurity, Big Data Analytics, Game Development","Blockchain, Python",Ms. B. Thomas,96
Rachel King,rachelking252@example.com,"IoT, Embedded Systems, Machine Learning","Embedded Systems, UI/UX Design",Dr. K. Nair,82
Tony Stone,tonystone253@example.com,"AI, AR/VR, Python","AR/VR, NLP",Prof. J. Singh,83
George Stone,georgestone254@example.com,"Blockchain, NodeJS, UI/UX Design","Cloud Computing, Web Development",Dr. A. Patel,37
Jackie Green,jackiegreen255@example.com,"Blockchain, Embedded Systems, Cybersecurity","Machine Learning, Python",Prof. J. Singh,65
Steve Lee,stevelee256@example.com,"Data Science, AI, Game Development","Big Data Analytics, Data Science",Ms. E. Singh,21
Kevin Wilson,kevinwilson257@example.com,"Game Development, NodeJS, Big Data Analytics","Data Science, Full Stack Development",Prof. F. Kapoor,66
Fiona King,fionaking258@example.com,"IoT, Software Testing, DevOps","NLP, IoT",Prof. F. Kapoor,35
Tony King,tonyking259@example.com,"ReactJS, NodeJS, Game Development","Machine Learning, Big Data Analytics",Dr. D. Kim,71
Hannah Taylor,hannahtaylor260@example.com,"NLP, Cloud Computing, AI","Cloud Computing, Game Development",Prof. J. Singh,49
Quincy Wayne,quincywayne261@example.com,"UI/UX Design, Web Development, Machine Learning","Cybersecurity, Software Testing",Dr. K. Nair,47
Laura White,laurawhite262@example.com,"NLP, Software Testing, Web Development","Game Development, Machine Learning",Ms. B. Thomas,77
Tony Parker,tonyparker263@example.com,"Cybersecurity, Full Stack Development, AI","AR/VR, Full Stack Development",Prof. F. Kapoor,31
Edward Black,edwardblack264@example.com,"Cloud Computing, Big Data Analytics, ReactJS","Web Development, Python",Mr. C. Wong,65
Nancy Parker,nancyparker265@example.com,"AI, ReactJS, Python","IoT, Python",Ms. E. Singh,63
Fiona Smith,fionasmith266@example.com,"ReactJS, NLP, AI","Machine Learning, Python",Ms. B. Thomas,98
Ian Smith,iansmith267@example.com,"Blockchain, Big Data Analytics, AR/VR","Blockchain, Machine Learning",Dr. D. Kim,61
George Black,georgeblack268@example.com,"Big Data Analytics, UI/UX Design, Embedded Systems","Web Development, NLP",Dr. H. Bose,97
Edward Drew,edwarddrew269@example.com,"Full Stack Development, Data Science, Blockchain","Big Data Analytics, NLP",Ms. L. Fernandez,67
Bob Lee,boblee270@example.com,"ReactJS, Cloud Computing, Python","Full Stack Development, ReactJS",Ms. E. Singh,31
Jackie Parker,jackieparker271@example.com,"Software Testing, NodeJS, Web Development","Web Development, Blockchain",Ms. B. Thomas,19
Hannah Green,hannahgreen272@example.com,"NLP, NodeJS, Embedded Systems","Web Development, Python",Prof. F. Kapoor,46
Ian Scott,ianscott273@example.com,"Game Development, Full Stack Development, AR/VR","ReactJS, Big Data Analytics",Ms. I. Kumari,12
Peter Chan,peterchan274@example.com,"Python, Blockchain, ReactJS","Machine Learning, Software Testing",Ms. B. Thomas,42
Fiona White,fionawhite275@example.com,"NLP, Big Data Analytics, Software Testing","Blockchain, NodeJS",Ms. B. Thomas,85
Michael King,michaelking276@example.com,"Cloud Computing, Blockchain, Data Science","Python, Software Testing",Mr. G. Zhao,38
Bob White,bobwhite277@example.com,"AR/VR, NodeJS, Embedded Systems","AI, Software Testing",Dr. H. Bose,25
Nancy Brown,nancybrown278@example.com,"Machine Learning, IoT, Full Stack Development","Cloud Computing, Software Testing",Dr. D. Kim,16
Laura Smith,laurasmith279@example.com,"Game Development, Full Stack Development, Machine Learning","Data Science, IoT",Prof. F. Kapoor,35
Quincy Johnson,quincyjohnson280@example.com,"AI, Python, Web Development","Big Data Analytics, Embedded Systems",Prof. F. Kapoor,19
Oliver Chen,oliverchen281@example.com,"Game Development, Blockchain, Web Development","AR/VR, IoT",Mr. C. Wong,59
Oliver King,oliverking282@example.com,"Cloud Computing, Data Science, Web Development","Cloud Computing, Python",Dr. H. Bose,59
Fiona King,fionaking283@example.com,"Blockchain, Cybersecurity, AR/VR","Blockchain, AR/VR",Ms. E. Singh,60
Oliver Stark,oliverstark284@example.com,"NLP, DevOps, Full Stack Development","AI, Software Testing",Ms. L. Fernandez,44
Peter Brown,peterbrown285@example.com,"Data Science, Web Development, Blockchain","Cybersecurity, Data Science",Ms. E. Singh,32
George Adams,georgeadams286@example.com,"ReactJS, NLP, Big Data Analytics","Embedded Systems, Blockchain",Dr. K. Nair,96
Michael Lee,michaellee287@example.com,"Machine Learning, Python, Blockchain","Python, Cybersecurity",Ms. E. Singh,92
Diana Adams,dianaadams288@example.com,"Cloud Computing, ReactJS, AI","NLP, Cloud Computing",Ms. L. Fernandez,29
Oliver Wilson,oliverwilson289@example.com,"Embedded Systems, UI/UX Design, Blockchain","Blockchain, IoT",Ms. L. Fernandez,72
Quincy Chen,quincychen290@example.com,"Web Development, UI/UX Design, NodeJS","NLP, UI/UX Design",Dr. A. Patel,36
Bob Stark,bobstark291@example.com,"Blockchain, Cybersecurity, Python","Embedded Systems, Cybersecurity",Ms. E. Singh,47
Charlie Wayne,charliewayne292@example.com,"Game Development, ReactJS, UI/UX Design","DevOps, Cybersecurity",Mr. C. Wong,35
Laura Brown,laurabrown293@example.com,"Big Data Analytics, Full Stack Development, Cybersecurity","NodeJS, Full Stack Development",Mr. G. Zhao,75
Fiona Green,fionagreen294@example.com,"Big Data Analytics, Cybersecurity, ReactJS","Big Data Analytics, Cloud Computing",Ms. I. Kumari,61
Alice Drew,alicedrew295@example.com,"Big Data Analytics, Software Testing, Web Development","Data Science, Cloud Computing",Ms. B. Thomas,30
Quincy Chan,quincychan296@example.com,"Blockchain, Cybersecurity, UI/UX Design","Game Development, Full Stack Development",Dr. K. Nair,33
Rachel Stark,rachelstark297@example.com,"NLP, Cloud Computing, Web Development","Game Development, AR/VR",Prof. F. Kapoor,22
Quincy Smith,quincysmith298@example.com,"Web Development, UI/UX Design, Cloud Computing","Machine Learning, Blockchain",Prof. J. Singh,29
Oliver Parker,oliverparker299@example.com,"NLP, NodeJS, Data Science","Blockchain, Embedded Systems",Prof. J. Singh,80
Steve King,steveking300@example.com,"Cybersecurity, Web Development, UI/UX Design","DevOps, Embedded Systems",Dr. A. Patel,39
Bob Adams,bobadams301@example.com,"Embedded Systems, Software Testing, NodeJS","Embedded Systems, Cloud Computing",Prof. F. Kapoor,14
Michael Adams,michaeladams302@example.com,"Python, Game Development, NodeJS","NLP, Blockchain",Ms. I. Kumari,13
Laura Stone,laurastone303@example.com,"Cloud Computing, AR/VR, UI/UX Design","Cybersecurity, NodeJS",Mr. G. Zhao,68
Nancy Stone,nancystone304@example.com,"Embedded Systems, AR/VR, ReactJS","AR/VR, ReactJS",Prof. F. Kapoor,60
Edward Smith,edwardsmith305@example.com,"Web Development, AI, Embedded Systems","Blockchain, NodeJS",Dr. K. Nair,64
Alice Stone,alicestone306@example.com,"ReactJS, AR/VR, Cloud Computing","Cloud Computing, Embedded Systems",Dr. A. Patel,46
Laura Wilson,laurawilson307@example.com,"ReactJS, Full Stack Development, Cloud Computing","DevOps, IoT",Dr. A. Patel,14
Rachel Chen,rachelchen308@example.com,"NLP, Blockchain, Cloud Computing","NLP, Data Science",Dr. K. Nair,19
Alice Lee,alicelee309@example.com,"ReactJS, Embedded Systems, Game Development","ReactJS, Full Stack Development",Dr. H. Bose,53
Fiona Stone,fionastone310@example.com,"NLP, Machine Learning, Full Stack Development","NodeJS, ReactJS",Dr. K. Nair,32
Oliver Smith,oliversmith311@example.com,"Embedded Systems, Blockchain, AI","Big Data Analytics, IoT",Ms. B. Thomas,21
Fiona Taylor,fionataylor312@example.com,"Software Testing, IoT, DevOps","Python, AI",Prof. F. Kapoor,81
Steve Wayne,stevewayne313@example.com,"Cybersecurity, NodeJS, NLP","Embedded Systems, Cloud Computing",Ms. I. Kumari,70
Rachel White,rachelwhite314@example.com,"Blockchain, UI/UX Design, NLP","Cybersecurity, Cloud Computing",Mr. G. Zhao,93
Ian Johnson,ianjohnson315@example.com,"Cybersecurity, Web Development, Machine Learning","Embedded Systems, NLP",Dr. K. Nair,14
Rachel Wilson,rachelwilson316@example.com,"IoT, Embedded Systems, Game Development","Machine Learning, Cybersecurity",Dr. K. Nair,17
Edward Smith,edwardsmith317@example.com,"Game Development, Blockchain, UI/UX Design","Python, IoT",Ms. E. Singh,48
Quincy Lee,quincylee318@example.com,"ReactJS, Blockchain, NodeJS","ReactJS, Full Stack Development",Mr. C. Wong,40
Diana Rogers,dianarogers319@example.com,"ReactJS, Blockchain, AI","ReactJS, Blockchain",Dr. H. Bose,57
Steve Black,steveblack320@example.com,"Big Data Analytics, DevOps, Python","AI, Embedded Systems",Mr. G. Zhao,19
Oliver Stone,oliverstone321@example.com,"UI/UX Design, NodeJS, Machine Learning","NLP, Embedded Systems",Dr. A. Patel,92
Ian White,ianwhite322@example.com,"Machine Learning, IoT, Blockchain","Embedded Systems, IoT",Prof. J. Singh,57
Ian Wilson,ianwilson323@example.com,"ReactJS, DevOps, Blockchain","NLP, AR/VR",Ms. E. Singh,82
Peter Chan,peterchan324@example.com,"UI/UX Design, Game Development, Machine Learning","AR/VR, Cloud Computing",Ms. I. Kumari,33
Diana Drew,dianadrew325@example.com,"ReactJS, UI/UX Design, Data Science","Python, AR/VR",Prof. J. Singh,49
Rachel Johnson,racheljohnson326@example.com,"IoT, Blockchain, Python","Software Testing, DevOps",Ms. I. Kumari,41
Laura Rogers,laurarogers327@example.com,"Full Stack Development, Game Development, Web Development","Software Testing, Machine Learning",Dr. D. Kim,97
Charlie Wayne,charliewayne328@example.com,"Web Development, Machine Learning, Software Testing","AI, Blockchain",Ms. E. Singh,70
Ian Adams,ianadams329@example.com,"Software Testing, NLP, Data Science","Embedded Systems, NLP",Dr. D. Kim,35
Diana Lee,dianalee330@example.com,"Big Data Analytics, AR/VR, Data Science","Python, UI/UX Design",Dr. H. Bose,50
Tony Chen,tonychen331@example.com,"NLP, Cybersecurity, Python","ReactJS, Machine Learning",Ms. L. Fernandez,23
Jackie Brown,jackiebrown332@example.com,"AI, Big Data Analytics, Software Testing","Web Development, Full Stack Development",Ms. B. Thomas,12
Hannah Chen,hannahchen333@example.com,"Game Development, IoT, UI/UX Design","Cloud Computing, AR/VR",Mr. C. Wong,100
Tony Smith,tonysmith334@example.com,"Embedded Systems, ReactJS, Data Science","Game Development, Software Testing",Dr. A. Patel,56
Charlie Stone,charliestone335@example.com,"Data Science, UI/UX Design, Web Development","Embedded Systems, Cloud Computing",Prof. F. Kapoor,58
Steve Scott,stevescott336@example.com,"Game Development, Python, AI","IoT, Embedded Systems",Dr. H. Bose,53
Michael White,michaelwhite337@example.com,"Python, Embedded Systems, AR/VR","Blockchain, AI",Mr. G. Zhao,61
Charlie Black,charlieblack338@example.com,"AI, ReactJS, NLP","Big Data Analytics, Data Science",Mr. C. Wong,90
Rachel Parker,rachelparker339@example.com,"Game Development, Blockchain, DevOps","Embedded Systems, Data Science",Mr. G. Zhao,63
Kevin White,kevinwhite340@example.com,"Blockchain, Python, Big Data Analytics","Full Stack Development, NLP",Ms. B. Thomas,62
Tony Black,tonyblack341@example.com,"DevOps, Data Science, UI/UX Design","Machine Learning, Big Data Analytics",Ms. I. Kumari,89
Peter White,peterwhite342@example.com,"Software Testing, Big Data Analytics, Cybersecurity","Game Development, NLP",Prof. F. Kapoor,65
Nancy Taylor,nancytaylor343@example.com,"Web Development, Full Stack Development, DevOps","DevOps, Web Development",Ms. L. Fernandez,33
Laura White,laurawhite344@example.com,"Software Testing, Embedded Systems, Game Development","NLP, Embedded Systems",Prof. F. Kapoor,11
Tony White,tonywhite345@example.com,"Machine Learning, ReactJS, Data Science","Game Development, Web Development",Ms. B. Thomas,72
Hannah King,hannahking346@example.com,"NLP, Python, Big Data Analytics","Data Science, AR/VR",Dr. H. Bose,67
Alice Chen,alicechen347@example.com,"NLP, Data Science, DevOps","IoT, Data Science",Dr. A. Patel,10
Alice Wayne,alicewayne348@example.com,"DevOps, Software Testing, AI","Blockchain, Game Development",Prof. F. Kapoor,44
Diana Stark,dianastark349@example.com,"Embedded Systems, UI/UX Design, NodeJS","AR/VR, Full Stack Development",Dr. A. Patel,31
Diana Chan,dianachan350@example.com,"Python, Embedded Systems, Cloud Computing","Embedded Systems, Blockchain",Mr. G. Zhao,20
Edward Rogers,edwardrogers351@example.com,"Blockchain, Machine Learning, NodeJS","AR/VR, DevOps",Dr. K. Nair,59
Hannah Green,hannahgreen352@example.com,"Data Science, Blockchain, Cloud Computing","AI, Full Stack Development",Ms. L. Fernandez,92
Jackie Brown,jackiebrown353@example.com,"ReactJS, Cloud Computing, Blockchain","UI/UX Design, Embedded Systems",Ms. L. Fernandez,20
Fiona Green,fionagreen354@example.com,"Big Data Analytics, Machine Learning, Python","AI, Web Development",Ms. L. Fernandez,93
Alice Rogers,alicerogers355@example.com,"Machine Learning, AI, Data Science","AI, UI/UX Design",Mr. C. Wong,22
Diana Parker,dianaparker356@example.com,"Data Science, Embedded Systems, NLP","DevOps, AI",Dr. K. Nair,84
Nancy Stark,nancystark357@example.com,"Game Development, Web Development, IoT","Cloud Computing, Data Science",Dr. H. Bose,67
Hannah White,hannahwhite358@example.com,"Cybersecurity, Big Data Analytics, AR/VR","Blockchain, Cloud Computing",Ms. B. Thomas,71
Jackie Adams,jackieadams359@example.com,"Game Development, UI/UX Design, NodeJS","Machine Learning, NLP",Ms. L. Fernandez,15
Kevin King,kevinking360@example.com,"DevOps, IoT, Software Testing","Full Stack Development, Cybersecurity",Ms. I. Kumari,38
Steve Chan,stevechan361@example.com,"Cybersecurity, AR/VR, UI/UX Design","Web Development, Cloud Computing",Mr. G. Zhao,52
Jackie Lee,jackielee362@example.com,"Full Stack Development, Cloud Computing, Web Development","Blockchain, NodeJS",Ms. E. Singh,30
Charlie Brown,charliebrown363@example.com,"Data Science, IoT, Embedded Systems","NLP, Blockchain",Ms. L. Fernandez,17
Alice Black,aliceblack364@example.com,"AI, Embedded Systems, Data Science","UI/UX Design, Game Development",Ms. L. Fernandez,26
Ian Rogers,ianrogers365@example.com,"Game Development, Cloud Computing, Embedded Systems","AR/VR, Cloud Computing",Dr. D. Kim,48
Rachel Chen,rachelchen366@example.com,"DevOps, Blockchain, NLP","Blockchain, DevOps",Ms. I. Kumari,19
Bob Taylor,bobtaylor367@example.com,"NodeJS, Web Development, Machine Learning","AR/VR, Cybersecurity",Dr. D. Kim,42
Charlie Drew,charliedrew368@example.com,"Game Development, DevOps, Python","AI, UI/UX Design",Dr. K. Nair,98
Steve Parker,steveparker369@example.com,"Big Data Analytics, Full Stack Development, Data Science","DevOps, IoT",Mr. G. Zhao,81
Oliver Stark,oliverstark370@example.com,"Machine Learning, NodeJS, Web Development","Big Data Analytics, UI/UX Design",Ms. I. Kumari,82
Laura Chen,laurachen371@example.com,"Cloud Computing, UI/UX Design, Data Science","NLP, Blockchain",Ms. I. Kumari,69
Laura Rogers,laurarogers372@example.com,"ReactJS, Python, DevOps","UI/UX Design, Cybersecurity",Ms. I. Kumari,25
Tony Stark,tonystark373@example.com,"IoT, Software Testing, Embedded Systems","Big Data Analytics, Blockchain",Ms. I. Kumari,66
Nancy Wilson,nancywilson374@example.com,"Data Science, Embedded Systems, Cybersecurity","Web Development, Cloud Computing",Dr. H. Bose,25
Charlie Lee,charlielee375@example.com,"UI/UX Design, Python, NodeJS","Python, Game Development",Prof. J. Singh,91
Diana Lee,dianalee376@example.com,"Python, Software Testing, NodeJS","Full Stack Development, Software Testing",Prof. F. Kapoor,27
Edward Wilson,edwardwilson377@example.com,"Big Data Analytics, IoT, Full Stack Development","NLP, Python",Ms. L. Fernandez,34
Rachel White,rachelwhite378@example.com,"Game Development, Cybersecurity, Data Science","NodeJS, Blockchain",Mr. C. Wong,60
Edward Wayne,edwardwayne379@example.com,"Big Data Analytics, Embedded Systems, IoT","Game Development, Web Development",Prof. J. Singh,10
Rachel Parker,rachelparker380@example.com,"Python, Cloud Computing, AI","Embedded Systems, UI/UX Design",Ms. E. Singh,84
Rachel Parker,rachelparker381@example.com,"DevOps, Full Stack Development, Python","ReactJS, Game Development",Dr. A. Patel,59
Ian Chan,ianchan382@example.com,"Big Data Analytics, NLP, Embedded Systems","Cybersecurity, Python",Dr. H. Bose,85
Jackie Drew,jackiedrew383@example.com,"Embedded Systems, UI/UX Design, DevOps","NLP, AR/VR",Mr. G. Zhao,57
Nancy Brown,nancybrown384@example.com,"ReactJS, NLP, UI/UX Design","Cloud Computing, Machine Learning",Dr. A. Patel,13
Laura Rogers,laurarogers385@example.com,"NodeJS, Web Development, Software Testing","Cybersecurity, DevOps",Mr. C. Wong,44
Charlie Taylor,charlietaylor386@example.com,"Data Science, AI, Big Data Analytics","AI, AR/VR",Mr. C. Wong,36
Fiona Taylor,fionataylor387@example.com,"Embedded Systems, Big Data Analytics, UI/UX Design","Cybersecurity, Python",Ms. B. Thomas,71
Peter Drew,peterdrew388@example.com,"Game Development, Cloud Computing, Web Development","NLP, Full Stack Development",Mr. C. Wong,34
Laura Scott,laurascott389@example.com,"Cloud Computing, Blockchain, Software Testing","DevOps, Blockchain",Ms. E. Singh,17
Bob Adams,bobadams390@example.com,"Game Development, DevOps, Full Stack Development","Blockchain, Embedded Systems",Dr. K. Nair,40
Charlie Chen,charliechen391@example.com,"Software Testing, Cybersecurity, ReactJS","Embedded Systems, ReactJS",Prof. J. Singh,61
Michael Parker,michaelparker392@example.com,"Embedded Systems, Big Data Analytics, NLP","NLP, AI",Dr. D. Kim,66
Bob Johnson,bobjohnson393@example.com,"AR/VR, DevOps, NodeJS","Web Development, Embedded Systems",Ms. E. Singh,70
Rachel White,rachelwhite394@example.com,"IoT, Blockchain, Machine Learning","Blockchain, NLP",Dr. H. Bose,44
Michael Black,michaelblack395@example.com,"Blockchain, DevOps, UI/UX Design","NodeJS, IoT",Ms. I. Kumari,55
Ian Wilson,ianwilson396@example.com,"AR/VR, Python, Blockchain","UI/UX Design, Big Data Analytics",Mr. G. Zhao,88
Nancy Lee,nancylee397@example.com,"Embedded Systems, UI/UX Design, Software Testing","Full Stack Development, Data Science",Prof. F. Kapoor,78
Nancy Johnson,nancyjohnson398@example.com,"DevOps, Python, Full Stack Development","Machine Learning, Cloud Computing",Mr. C. Wong,16
Quincy Chen,quincychen399@example.com,"ReactJS, Blockchain, Big Data Analytics","Python, Blockchain",Ms. B. Thomas,77
Diana Stone,dianastone400@example.com,"Big Data Analytics, Cybersecurity, NLP","Big Data Analytics, Embedded Systems",Ms. I. Kumari,83
Charlie Stark,charliestark401@example.com,"Cybersecurity, Embedded Systems, Data Science","ReactJS, Cloud Computing",Mr. C. Wong,61
Oliver Smith,oliversmith402@example.com,"Game Development, UI/UX Design, AI","Embedded Systems, Blockchain",Dr. A. Patel,24
Alice Chan,alicechan403@example.com,"Cloud Computing, Data Science, Embedded Systems","Full Stack Development, DevOps",Prof. J. Singh,21
Jackie Johnson,jackiejohnson404@example.com,"NodeJS, UI/UX Design, Machine Learning","UI/UX Design, Machine Learning",Ms. I. Kumari,52
Fiona Wilson,fionawilson405@example.com,"UI/UX Design, Full Stack Development, NLP","Blockchain, IoT",Dr. H. Bose,78
Hannah Taylor,hannahtaylor406@example.com,"Full Stack Development, AI, ReactJS","Game Development, NodeJS",Mr. G. Zhao,20
Jackie Brown,jackiebrown407@example.com,"UI/UX Design, Software Testing, Data Science","ReactJS, Game Development",Mr. G. Zhao,18
George Rogers,georgerogers408@example.com,"Blockchain, Data Science, Web Development","Blockchain, NLP",Ms. E. Singh,79
Peter Lee,peterlee409@example.com,"Data Science, Python, AR/VR","ReactJS, NodeJS",Dr. H. Bose,30
George Chen,georgechen410@example.com,"AI, Python, Full Stack Development","UI/UX Design, AI",Dr. A. Patel,42
Michael Stark,michaelstark411@example.com,"IoT, Python, ReactJS","Data Science, NLP",Dr. H. Bose,65
Fiona White,fionawhite412@example.com,"Blockchain, Web Development, NLP","DevOps, UI/UX Design",Ms. I. Kumari,14
Steve Drew,stevedrew413@example.com,"Game Development, ReactJS, Software Testing","Embedded Systems, Software Testing",Dr. H. Bose,59
George Rogers,georgerogers414@example.com,"Blockchain, Cybersecurity, Full Stack Development","Cybersecurity, AR/VR",Mr. C. Wong,92
Charlie Lee,charlielee415@example.com,"Blockchain, Software Testing, AR/VR","DevOps, Web Development",Dr. D. Kim,75
Tony Parker,tonyparker416@example.com,"NodeJS, Big Data Analytics, Data Science","IoT, Cloud Computing",Prof. J. Singh,17
Bob Rogers,bobrogers417@example.com,"IoT, Game Development, Cloud Computing","AR/VR, Embedded Systems",Ms. E. Singh,86
Tony Chen,tonychen418@example.com,"NLP, Blockchain, Python","NodeJS, Embedded Systems",Dr. A. Patel,42
Tony Stark,tonystark419@example.com,"Python, Blockchain, DevOps","ReactJS, NLP",Ms. L. Fernandez,24
Steve Taylor,stevetaylor420@example.com,"Web Development, NLP, Embedded Systems","Web Development, Cloud Computing",Ms. E. Singh,37
Charlie Lee,charlielee421@example.com,"Embedded Systems, Software Testing, NLP","NodeJS, NLP",Dr. A. Patel,45
Kevin Rogers,kevinrogers422@example.com,"Embedded Systems, Cloud Computing, Game Development","ReactJS, Embedded Systems",Dr. D. Kim,95
Laura Green,lauragreen423@example.com,"Big Data Analytics, AR/VR, Blockchain","Embedded Systems, Software Testing",Prof. F. Kapoor,81
Nancy Green,nancygreen424@example.com,"Web Development, Machine Learning, AR/VR","Machine Learning, Blockchain",Ms. I. Kumari,44
Laura King,lauraking425@example.com,"Web Development, Python, Game Development","Full Stack Development, Software Testing",Dr. D. Kim,17
George Stark,georgestark426@example.com,"Blockchain, Software Testing, DevOps","Blockchain, IoT",Ms. E. Singh,22
Steve Taylor,stevetaylor427@example.com,"NodeJS, AR/VR, Software Testing","AI, Embedded Systems",Ms. B. Thomas,42
Tony Smith,tonysmith428@example.com,"Cybersecurity, Software Testing, Embedded Systems","IoT, AI",Ms. I. Kumari,93
Peter Stone,peterstone429@example.com,"Embedded Systems, DevOps, Machine Learning","Machine Learning, Big Data Analytics",Dr. D. Kim,47
Quincy Green,quincygreen430@example.com,"Game Development, Cloud Computing, Machine Learning","Web Development, NodeJS",Ms. L. Fernandez,91
Quincy Chen,quincychen431@example.com,"Embedded Systems, Big Data Analytics, Web Development","ReactJS, AI",Dr. K. Nair,65
Jackie Adams,jackieadams432@example.com,"Python, IoT, Web Development","Web Development, NodeJS",Dr. D. Kim,41
Edward Parker,edwardparker433@example.com,"Cloud Computing, Web Development, Python","Data Science, Cloud Computing",Dr. H. Bose,56
Fiona Black,fionablack434@example.com,"ReactJS, AR/VR, IoT","Web Development, UI/UX Design",Prof. J. Singh,62
Steve Adams,steveadams435@example.com,"NodeJS, Cloud Computing, Game Development","Big Data Analytics, UI/UX Design",Prof. J. Singh,47
George Wilson,georgewilson436@example.com,"Cybersecurity, Blockchain, Embedded Systems","DevOps, Blockchain",Dr. K. Nair,29
Nancy Brown,nancybrown437@example.com,"Embedded Systems, DevOps, UI/UX Design","NodeJS, AR/VR",Ms. B. Thomas,87
Steve Drew,stevedrew438@example.com,"Software Testing, Machine Learning, NLP","Cybersecurity, IoT",Dr. H. Bose,75
Edward Stark,edwardstark439@example.com,"Software Testing, Machine Learning, Data Science","Cybersecurity, Software Testing",Prof. F. Kapoor,37
Nancy Scott,nancyscott440@example.com,"Blockchain, ReactJS, Game Development","Software Testing, Blockchain",Ms. I. Kumari,31
Edward Johnson,edwardjohnson441@example.com,"Machine Learning, Big Data Analytics, NLP","ReactJS, Software Testing",Dr. H. Bose,62
Laura Adams,lauraadams442@example.com,"DevOps, UI/UX Design, Full Stack Development","ReactJS, Blockchain",Mr. G. Zhao,60
Quincy Parker,quincyparker443@example.com,"Python, Embedded Systems, AR/VR","Game Development, Cloud Computing",Dr. K. Nair,51
Oliver Stone,oliverstone444@example.com,"NLP, Data Science, AR/VR","Cybersecurity, Cloud Computing",Mr. C. Wong,83
George Johnson,georgejohnson445@example.com,"NodeJS, DevOps, AR/VR","Cybersecurity, ReactJS",Dr. D. Kim,46
Ian Stone,ianstone446@example.com,"Machine Learning, Full Stack Development, Embedded Systems","Full Stack Development, Machine Learning",Ms. B. Thomas,96
Jackie Chan,jackiechan447@example.com,"ReactJS, Software Testing, NodeJS","Cloud Computing, Full Stack Development",Mr. G. Zhao,98
Oliver Green,olivergreen448@example.com,"Embedded Systems, UI/UX Design, AI","Big Data Analytics, Cloud Computing",Mr. C. Wong,82
Alice Wilson,alicewilson449@example.com,"Software Testing, Big Data Analytics, ReactJS","Blockchain, ReactJS",Dr. K. Nair,96
Michael Adams,michaeladams450@example.com,"ReactJS, AR/VR, Web Development","Embedded Systems, Full Stack Development",Dr. H. Bose,77
Charlie Stark,charliestark451@example.com,"Machine Learning, Software Testing, Cloud Computing","Cybersecurity, DevOps",Prof. F. Kapoor,97
Tony White,tonywhite452@example.com,"Cloud Computing, Data Science, Blockchain","NodeJS, Embedded Systems",Prof. J. Singh,78
Kevin Stone,kevinstone453@example.com,"Web Development, Data Science, NLP","Data Science, Full Stack Development",Prof. F. Kapoor,39
Diana Green,dianagreen454@example.com,"Machine Learning, AR/VR, Data Science","Cybersecurity, Data Science",Ms. B. Thomas,19
Edward Wilson,edwardwilson455@example.com,"NodeJS, AI, AR/VR","Game Development, DevOps",Dr. H. Bose,79
Charlie Black,charlieblack456@example.com,"Cybersecurity, Machine Learning, Cloud Computing","Big Data Analytics, IoT",Ms. L. Fernandez,70
Steve Johnson,stevejohnson457@example.com,"DevOps, IoT, Data Science","ReactJS, Blockchain",Dr. D. Kim,15
Diana Scott,dianascott458@example.com,"AI, NLP, DevOps","NodeJS, Machine Learning",Dr. H. Bose,26
Peter Stark,peterstark459@example.com,"Big Data Analytics, Software Testing, Machine Learning","Python, AR/VR",Dr. A. Patel,97
Quincy Chan,quincychan460@example.com,"NodeJS, AI, Software Testing","UI/UX Design, AR/VR",Dr. A. Patel,33
Edward King,edwardking461@example.com,"Data Science, Python, DevOps","Cybersecurity, Big Data Analytics",Ms. B. Thomas,69
Alice White,alicewhite462@example.com,"Web Development, UI/UX Design, Full Stack Development","Cloud Computing, Big Data Analytics",Mr. G. Zhao,15
Peter Drew,peterdrew463@example.com,"NLP, IoT, AI","Web Development, NLP",Ms. E. Singh,50
Edward Lee,edwardlee464@example.com,"UI/UX Design, NLP, Full Stack Development","NLP, Data Science",Dr. K. Nair,30
Nancy Chen,nancychen465@example.com,"Cloud Computing, AI, Cybersecurity","Cloud Computing, UI/UX Design",Prof. J. Singh,32
Oliver King,oliverking466@example.com,"Python, Cloud Computing, Game Development","Big Data Analytics, Python",Prof. F. Kapoor,98
Fiona White,fionawhite467@example.com,"NLP, Cybersecurity, Data Science","Web Development, IoT",Mr. G. Zhao,50
George Chen,georgechen468@example.com,"NodeJS, Web Development, IoT","Web Development, IoT",Ms. E. Singh,79
Charlie Lee,charlielee469@example.com,"AR/VR, ReactJS, UI/UX Design","NodeJS, Data Science",Prof. F. Kapoor,47
Alice Stark,alicestark470@example.com,"Big Data Analytics, Data Science, IoT","Cybersecurity, ReactJS",Ms. B. Thomas,77
Peter Lee,peterlee471@example.com,"Game Development, DevOps, Cybersecurity","Python, Cloud Computing",Ms. L. Fernandez,47
Rachel Stone,rachelstone472@example.com,"Embedded Systems, Software Testing, Cloud Computing","Web Development, Machine Learning",Ms. I. Kumari,82
Rachel Brown,rachelbrown473@example.com,"Web Development, AI, Data Science","Cybersecurity, ReactJS",Ms. B. Thomas,51
Oliver Johnson,oliverjohnson474@example.com,"AR/VR, DevOps, Data Science","Full Stack Development, Machine Learning",Ms. E. Singh,38
Bob Brown,bobbrown475@example.com,"Big Data Analytics, Cloud Computing, Web Development","Blockchain, IoT",Ms. I. Kumari,74
George Drew,georgedrew476@example.com,"Embedded Systems, Big Data Analytics, Machine Learning","NodeJS, Data Science",Ms. L. Fernandez,14
Steve Wayne,stevewayne477@example.com,"Software Testing, ReactJS, AR/VR","NLP, NodeJS",Mr. G. Zhao,12
Fiona White,fionawhite478@example.com,"Software Testing, Machine Learning, Data Science","Cybersecurity, AR/VR",Mr. G. Zhao,73
Michael Wayne,michaelwayne479@example.com,"Software Testing, Blockchain, Full Stack Development","IoT, Software Testing",Dr. H. Bose,100
Jackie Parker,jackieparker480@example.com,"AI, Full Stack Development, Game Development","Big Data Analytics, AR/VR",Ms. L. Fernandez,35
Michael King,michaelking481@example.com,"Cybersecurity, Software Testing, Python","Python, Cybersecurity",Ms. I. Kumari,77
Fiona Lee,fionalee482@example.com,"Web Development, Cybersecurity, Blockchain","Blockchain, Machine Learning",Prof. F. Kapoor,11
Kevin Scott,kevinscott483@example.com,"Cloud Computing, AI, Cybersecurity","Python, Big Data Analytics",Mr. G. Zhao,42
Alice Adams,aliceadams484@example.com,"Blockchain, DevOps, Cloud Computing","Game Development, Software Testing",Dr. K. Nair,99
Laura Brown,laurabrown485@example.com,"Machine Learning, Cybersecurity, Software Testing","Cloud Computing, IoT",Dr. K. Nair,49
Oliver Smith,oliversmith486@example.com,"ReactJS, AI, Data Science","NodeJS, DevOps",Dr. A. Patel,44
Quincy Johnson,quincyjohnson487@example.com,"Blockchain, Cloud Computing, Big Data Analytics","Full Stack Development, NodeJS",Dr. H. Bose,53
Rachel Stone,rachelstone488@example.com,"Blockchain, Software Testing, Full Stack Development","Web Development, Software Testing",Ms. E. Singh,47
Quincy Stone,quincystone489@example.com,"AI, Big Data Analytics, Blockchain","DevOps, IoT",Prof. J. Singh,33
Bob Black,bobblack490@example.com,"NodeJS, Python, Blockchain","Full Stack Development, Game Development",Dr. A. Patel,29
Bob Brown,bobbrown491@example.com,"Data Science, UI/UX Design, Machine Learning","Cloud Computing, Cybersecurity",Prof. F. Kapoor,36
Jackie Black,jackieblack492@example.com,"Cloud Computing, NodeJS, Embedded Systems","AR/VR, UI/UX Design",Dr. A. Patel,64
Alice Black,aliceblack493@example.com,"AI, Cybersecurity, Software Testing","Embedded Systems, AR/VR",Ms. L. Fernandez,27
Alice Rogers,alicerogers494@example.com,"AI, Cybersecurity, Data Science","Python, AI",Mr. C. Wong,52
Bob Drew,bobdrew495@example.com,"UI/UX Design, Big Data Analytics, Web Development","Full Stack Development, NodeJS",Ms. L. Fernandez,96
Peter Rogers,peterrogers496@example.com,"Machine Learning, AR/VR, ReactJS","Blockchain, Cloud Computing",Dr. K. Nair,80
Alice Wilson,alicewilson497@example.com,"Python, NLP, Machine Learning","Data Science, Embedded Systems",Prof. J. Singh,38
Alice Chan,alicechan498@example.com,"IoT, UI/UX Design, Big Data Analytics","Machine Learning, IoT",Ms. E. Singh,64
Peter Brown,peterbrown499@example.com,"Cloud Computing, UI/UX Design, DevOps","ReactJS, UI/UX Design",Mr. C. Wong,14
